{"stats":{"minecraft:picked_up":{"minecraft:birch_log":4},"minecraft:crafted":{"minecraft:birch_planks":16,"minecraft:crafting_table":1,"minecraft:stick":4,"minecraft:wooden_pickaxe":1},"minecraft:mined":{"minecraft:birch_log":4},"minecraft:custom":{"minecraft:jump":28,"minecraft:crouch_one_cm":3088,"minecraft:leave_game":4,"minecraft:play_time":6151,"minecraft:sprint_one_cm":692,"minecraft:time_since_death":6151,"minecraft:walk_one_cm":6423,"minecraft:sneak_time":1035,"minecraft:total_world_time":6151,"minecraft:interact_with_crafting_table":1,"minecraft:fly_one_cm":529,"minecraft:time_since_rest":6151},"minecraft:used":{"minecraft:crafting_table":1}},"DataVersion":3120}