{"stats":{"minecraft:picked_up":{"minecraft:birch_log":4,"minecraft:crafting_table":3,"minecraft:wooden_pickaxe":1,"minecraft:dirt":6,"minecraft:light_gray_wool":1,"minecraft:mutton":3,"minecraft:coal":31,"minecraft:white_wool":1,"minecraft:cobblestone":66,"minecraft:furnace":1},"minecraft:killed_by":{"torture:torture":1,"the_mangle:the_mangle":1,"decayingmobsbackport:limb_snatcher":1},"minecraft:crafted":{"minecraft:stone_shovel":1,"minecraft:crafting_table":1,"minecraft:stick":12,"minecraft:wooden_pickaxe":1,"minecraft:stone_pickaxe":1,"minecraft:stone_sword":1,"minecraft:furnace":2,"minecraft:birch_planks":16,"minecraft:stone_axe":1,"minecraft:air":0,"minecraft:cooked_mutton":3},"minecraft:dropped":{"minecraft:wooden_pickaxe":1},"minecraft:mined":{"minecraft:furnace":1,"minecraft:birch_log":4,"minecraft:crafting_table":3,"gravestone:gravestone":2,"minecraft:grass_block":2,"minecraft:coal_ore":16,"minecraft:dirt":4,"minecraft:cobblestone":12,"minecraft:stone":55},"minecraft:custom":{"minecraft:time_since_rest":3317,"minecraft:interact_with_furnace":3,"minecraft:sprint_one_cm":8670,"minecraft:damage_taken":775,"minecraft:walk_one_cm":22489,"minecraft:mob_kills":2,"minecraft:drop":1,"minecraft:damage_dealt":200,"minecraft:interact_with_crafting_table":9,"minecraft:fly_one_cm":7343,"minecraft:crouch_one_cm":15722,"minecraft:play_time":17548,"minecraft:deaths":3,"minecraft:sneak_time":6276,"minecraft:jump":100,"minecraft:leave_game":5,"minecraft:time_since_death":3283,"minecraft:total_world_time":17548,"minecraft:fall_one_cm":2196},"minecraft:used":{"minecraft:stone_sword":2,"minecraft:stone_shovel":3,"minecraft:stone_pickaxe":62,"minecraft:wooden_pickaxe":25,"minecraft:stone_axe":3,"minecraft:dirt":1,"minecraft:cobblestone":12,"minecraft:crafting_table":3,"minecraft:furnace":1},"minecraft:killed":{"minecraft:sheep":2}},"DataVersion":3120}