{"stats":{"minecraft:killed_by":{"jacky:jacky":1},"minecraft:picked_up":{"minecraft:birch_log":7,"minecraft:stick":1,"minecraft:coal":10,"minecraft:birch_sapling":3,"minecraft:dirt":2,"minecraft:cobblestone":9},"minecraft:crafted":{"minecraft:birch_planks":28,"minecraft:crafting_table":1,"minecraft:stick":8,"minecraft:stone_pickaxe":1,"minecraft:wooden_pickaxe":1},"minecraft:dropped":{"minecraft:dirt":1,"minecraft:birch_sapling":2},"minecraft:mined":{"gravestone:gravestone":1,"minecraft:coal_ore":10,"minecraft:dirt":2,"minecraft:birch_log":7,"minecraft:stone":9},"minecraft:custom":{"minecraft:time_since_rest":2266,"minecraft:play_time":3993,"minecraft:crouch_one_cm":1664,"minecraft:sprint_one_cm":2360,"minecraft:walk_one_cm":4540,"minecraft:damage_taken":250,"minecraft:deaths":1,"minecraft:sneak_time":1050,"minecraft:drop":2,"minecraft:jump":25,"minecraft:leave_game":1,"minecraft:time_since_death":2241,"minecraft:total_world_time":3993,"minecraft:interact_with_crafting_table":3,"minecraft:fall_one_cm":1778,"minecraft:fly_one_cm":6207},"minecraft:used":{"minecraft:crafting_table":1,"minecraft:stone_pickaxe":10,"minecraft:birch_sapling":1,"minecraft:wooden_pickaxe":9}},"DataVersion":3120}