{
  "decayingmobsbackport:jumpscares_disabled": {
    "criteria": {
      "jumpscares_disabled": "2024-06-25 05:00:26 +0000"
    },
    "done": true
  },
  "minecraft:recipes/tools/wooden_axe": {
    "criteria": {
      "has_stick": "2024-06-25 05:01:51 +0000"
    },
    "done": true
  },
  "minecraft:recipes/redstone/lever": {
    "criteria": {
      "has_cobblestone": "2024-06-25 05:03:17 +0000"
    },
    "done": true
  },
  "minecraft:recipes/building_blocks/cobblestone_stairs_from_cobblestone_stonecutting": {
    "criteria": {
      "has_cobblestone": "2024-06-25 05:03:17 +0000"
    },
    "done": true
  },
  "regions_unexplored:recipes/ru_main/cyan_painted_planks": {
    "criteria": {
      "has_planks": "2024-06-25 05:02:28 +0000"
    },
    "done": true
  },
  "regions_unexplored:recipes/ru_main/white_painted_planks": {
    "criteria": {
      "has_planks": "2024-06-25 05:02:28 +0000"
    },
    "done": true
  },
  "regions_unexplored:parent": {
    "criteria": {
      "load_in_world": "2024-06-25 05:00:27 +0000"
    },
    "done": true
  },
  "minecraft:story/mine_stone": {
    "criteria": {
      "get_stone": "2024-06-25 05:03:17 +0000"
    },
    "done": true
  },
  "regions_unexplored:recipes/ru_main/green_painted_planks": {
    "criteria": {
      "has_planks": "2024-06-25 05:02:28 +0000"
    },
    "done": true
  },
  "minecraft:recipes/building_blocks/stone": {
    "criteria": {
      "has_cobblestone": "2024-06-25 05:03:17 +0000"
    },
    "done": true
  },
  "minecraft:recipes/decorations/furnace": {
    "criteria": {
      "has_cobblestone": "2024-06-25 05:03:17 +0000"
    },
    "done": true
  },
  "decayingmobsbackport:seems_normal_enough": {
    "criteria": {
      "seems_normal_enough": "2024-06-25 05:00:26 +0000"
    },
    "done": true
  },
  "minecraft:adventure/adventuring_time": {
    "criteria": {
      "minecraft:birch_forest": "2024-06-25 05:00:27 +0000"
    },
    "done": false
  },
  "minecraft:recipes/redstone/birch_pressure_plate": {
    "criteria": {
      "has_planks": "2024-06-25 05:02:28 +0000"
    },
    "done": true
  },
  "minecraft:recipes/decorations/crafting_table": {
    "criteria": {
      "has_planks": "2024-06-25 05:02:28 +0000"
    },
    "done": true
  },
  "minecraft:recipes/decorations/campfire": {
    "criteria": {
      "has_stick": "2024-06-25 05:01:51 +0000"
    },
    "done": true
  },
  "minecraft:recipes/misc/charcoal": {
    "criteria": {
      "has_log": "2024-06-25 05:01:14 +0000"
    },
    "done": true
  },
  "minecraft:recipes/tools/wooden_pickaxe": {
    "criteria": {
      "has_stick": "2024-06-25 05:01:51 +0000"
    },
    "done": true
  },
  "minecraft:recipes/building_blocks/cobblestone_slab_from_cobblestone_stonecutting": {
    "criteria": {
      "has_cobblestone": "2024-06-25 05:03:17 +0000"
    },
    "done": true
  },
  "minecraft:recipes/decorations/ladder": {
    "criteria": {
      "has_stick": "2024-06-25 05:01:51 +0000"
    },
    "done": true
  },
  "minecraft:recipes/redstone/birch_button": {
    "criteria": {
      "has_planks": "2024-06-25 05:02:28 +0000"
    },
    "done": true
  },
  "minecraft:recipes/combat/stone_sword": {
    "criteria": {
      "has_cobblestone": "2024-06-25 05:03:17 +0000"
    },
    "done": true
  },
  "regions_unexplored:recipes/ru_main/black_painted_planks": {
    "criteria": {
      "has_planks": "2024-06-25 05:02:28 +0000"
    },
    "done": true
  },
  "minecraft:recipes/decorations/cobblestone_wall": {
    "criteria": {
      "has_cobblestone": "2024-06-25 05:03:17 +0000"
    },
    "done": true
  },
  "minecraft:recipes/decorations/barrel": {
    "criteria": {
      "has_planks": "2024-06-25 05:02:28 +0000"
    },
    "done": true
  },
  "minecraft:recipes/tools/wooden_shovel": {
    "criteria": {
      "has_stick": "2024-06-25 05:01:51 +0000"
    },
    "done": true
  },
  "minecraft:recipes/decorations/torch": {
    "criteria": {
      "has_stone_pickaxe": "2024-06-25 05:03:48 +0000"
    },
    "done": true
  },
  "minecraft:recipes/tools/stone_pickaxe": {
    "criteria": {
      "has_cobblestone": "2024-06-25 05:03:17 +0000"
    },
    "done": true
  },
  "minecraft:recipes/decorations/birch_sign": {
    "criteria": {
      "has_planks": "2024-06-25 05:02:28 +0000"
    },
    "done": true
  },
  "regions_unexplored:recipes/ru_main/blue_painted_planks": {
    "criteria": {
      "has_planks": "2024-06-25 05:02:28 +0000"
    },
    "done": true
  },
  "minecraft:recipes/misc/stick": {
    "criteria": {
      "has_planks": "2024-06-25 05:02:28 +0000"
    },
    "done": true
  },
  "minecraft:recipes/building_blocks/coal_block": {
    "criteria": {
      "has_coal": "2024-06-25 05:03:37 +0000"
    },
    "done": true
  },
  "minecraft:adventure/root": {
    "criteria": {
      "killed_by_something": "2024-06-25 05:02:00 +0000"
    },
    "done": true
  },
  "minecraft:recipes/decorations/cobblestone_wall_from_cobblestone_stonecutting": {
    "criteria": {
      "has_cobblestone": "2024-06-25 05:03:17 +0000"
    },
    "done": true
  },
  "minecraft:recipes/building_blocks/birch_stairs": {
    "criteria": {
      "has_planks": "2024-06-25 05:02:28 +0000"
    },
    "done": true
  },
  "regions_unexplored:recipes/ru_main/orange_painted_planks": {
    "criteria": {
      "has_planks": "2024-06-25 05:02:28 +0000"
    },
    "done": true
  },
  "minecraft:recipes/combat/wooden_sword": {
    "criteria": {
      "has_stick": "2024-06-25 05:01:51 +0000"
    },
    "done": true
  },
  "minecraft:recipes/tools/stone_shovel": {
    "criteria": {
      "has_cobblestone": "2024-06-25 05:03:17 +0000"
    },
    "done": true
  },
  "regions_unexplored:recipes/ru_main/birch_shrub": {
    "criteria": {
      "has_birch_sapling": "2024-06-25 05:01:50 +0000"
    },
    "done": true
  },
  "minecraft:recipes/tools/stone_hoe": {
    "criteria": {
      "has_cobblestone": "2024-06-25 05:03:17 +0000"
    },
    "done": true
  },
  "regions_unexplored:recipes/ru_main/yellow_painted_planks": {
    "criteria": {
      "has_planks": "2024-06-25 05:02:28 +0000"
    },
    "done": true
  },
  "regions_unexplored:recipes/ru_main/birch_branch_from_birch_log": {
    "criteria": {
      "has_log": "2024-06-25 05:01:14 +0000"
    },
    "done": true
  },
  "regions_unexplored:recipes/ru_main/lime_painted_planks": {
    "criteria": {
      "has_planks": "2024-06-25 05:02:28 +0000"
    },
    "done": true
  },
  "minecraft:recipes/building_blocks/birch_wood": {
    "criteria": {
      "has_log": "2024-06-25 05:01:14 +0000"
    },
    "done": true
  },
  "regions_unexplored:recipes/ru_main/red_painted_planks": {
    "criteria": {
      "has_planks": "2024-06-25 05:02:28 +0000"
    },
    "done": true
  },
  "regions_unexplored:recipes/ru_main/purple_painted_planks": {
    "criteria": {
      "has_planks": "2024-06-25 05:02:28 +0000"
    },
    "done": true
  },
  "minecraft:recipes/tools/wooden_hoe": {
    "criteria": {
      "has_stick": "2024-06-25 05:01:51 +0000"
    },
    "done": true
  },
  "minecraft:recipes/redstone/birch_trapdoor": {
    "criteria": {
      "has_planks": "2024-06-25 05:02:28 +0000"
    },
    "done": true
  },
  "minecraft:recipes/building_blocks/cobblestone_slab": {
    "criteria": {
      "has_cobblestone": "2024-06-25 05:03:17 +0000"
    },
    "done": true
  },
  "endofherobrine:story/root": {
    "criteria": {
      "requirement": "2024-06-25 05:01:14 +0000"
    },
    "done": true
  },
  "minecraft:recipes/building_blocks/birch_planks": {
    "criteria": {
      "has_logs": "2024-06-25 05:01:14 +0000"
    },
    "done": true
  },
  "regions_unexplored:recipes/ru_main/light_gray_painted_planks": {
    "criteria": {
      "has_planks": "2024-06-25 05:02:28 +0000"
    },
    "done": true
  },
  "minecraft:recipes/building_blocks/cobblestone_stairs": {
    "criteria": {
      "has_cobblestone": "2024-06-25 05:03:17 +0000"
    },
    "done": true
  },
  "minecraft:recipes/redstone/birch_door": {
    "criteria": {
      "has_planks": "2024-06-25 05:02:28 +0000"
    },
    "done": true
  },
  "minecraft:recipes/building_blocks/birch_slab": {
    "criteria": {
      "has_planks": "2024-06-25 05:02:28 +0000"
    },
    "done": true
  },
  "regions_unexplored:recipes/ru_main/magenta_painted_planks": {
    "criteria": {
      "has_planks": "2024-06-25 05:02:28 +0000"
    },
    "done": true
  },
  "regions_unexplored:recipes/ru_main/light_blue_painted_planks": {
    "criteria": {
      "has_planks": "2024-06-25 05:02:28 +0000"
    },
    "done": true
  },
  "regions_unexplored:recipes/ru_main/brown_painted_planks": {
    "criteria": {
      "has_planks": "2024-06-25 05:02:28 +0000"
    },
    "done": true
  },
  "minecraft:story/upgrade_tools": {
    "criteria": {
      "stone_pickaxe": "2024-06-25 05:03:48 +0000"
    },
    "done": true
  },
  "minecraft:recipes/redstone/birch_fence_gate": {
    "criteria": {
      "has_planks": "2024-06-25 05:02:28 +0000"
    },
    "done": true
  },
  "minecraft:story/root": {
    "criteria": {
      "crafting_table": "2024-06-25 05:02:31 +0000"
    },
    "done": true
  },
  "regions_unexplored:recipes/ru_main/pink_painted_planks": {
    "criteria": {
      "has_planks": "2024-06-25 05:02:28 +0000"
    },
    "done": true
  },
  "minecraft:recipes/decorations/soul_campfire": {
    "criteria": {
      "has_stick": "2024-06-25 05:01:51 +0000"
    },
    "done": true
  },
  "minecraft:recipes/combat/crossbow": {
    "criteria": {
      "has_stick": "2024-06-25 05:01:51 +0000"
    },
    "done": true
  },
  "minecraft:recipes/tools/stone_axe": {
    "criteria": {
      "has_cobblestone": "2024-06-25 05:03:17 +0000"
    },
    "done": true
  },
  "minecraft:recipes/decorations/birch_fence": {
    "criteria": {
      "has_planks": "2024-06-25 05:02:28 +0000"
    },
    "done": true
  },
  "regions_unexplored:recipes/ru_main/gray_painted_planks": {
    "criteria": {
      "has_planks": "2024-06-25 05:02:28 +0000"
    },
    "done": true
  },
  "DataVersion": 3120
}